类别,品名,规格,价格范围,平均价,涨跌,单位,日期
废旧锂电池,三元铝壳（523型）,未破碎,45300 ~ 46800,46050.0,0.0,元/吨,2026-07-03
废旧锂电池,三元圆柱钢壳电池,未破碎,31400 ~ 34500,32950.0,0.0,元/吨,2026-07-03
废旧锂电池,三元软包电池,未破碎,45700 ~ 47500,46600.0,0.0,元/吨,2026-07-03
废旧锂电池,废旧磷酸铁锂铝壳电池,废旧磷酸铁锂铝壳电池,16900 ~ 18200,17550.0,200.0,元/吨,2026-07-03
废旧锂电池,废旧磷酸铁锂钢壳电池,废旧磷酸铁锂钢壳电池,9800 ~ 11400,10600.0,150.0,元/吨,2026-07-03
废旧锂电池,废旧磷酸铁锂软包电池,废旧磷酸铁锂软包电池,15600 ~ 17200,16400.0,200.0,元/吨,2026-07-03
废旧锂电池,钴酸锂铝壳,未破碎,84000 ~ 90500,87250.0,0.0,元/吨,2026-07-03
废旧锂电池,钴酸锂聚合物软包,未破碎,96200 ~ 98500,97350.0,0.0,元/吨,2026-07-03
废旧锂电池,小三元圆柱钢壳,未破碎,18000 ~ 19000,18500.0,0.0,元/吨,2026-07-03
废旧锂电池,小三元铝壳,未破碎,28600 ~ 29800,29200.0,0.0,元/吨,2026-07-03
废旧锂电池,小三元软包,未破碎,29400 ~ 30200,29800.0,0.0,元/吨,2026-07-03
废旧锂电池,锰酸锂圆柱钢壳,未破碎,5000 ~ 7400,6200.0,0.0,元/吨,2026-07-03
废旧锂电池,锰酸锂铝壳,未破碎,10000 ~ 10800,10400.0,0.0,元/吨,2026-07-03
废旧锂电池,锰酸锂聚合物软包,未破碎,8900 ~ 10000,9450.0,0.0,元/吨,2026-07-03
废旧锂电池,废旧磷酸铁锂铝壳电池包,未破碎,19400 ~ 20000,19700.0,250.0,元/吨,2026-07-03
废旧锂电池,纯钴钴酸锂铝壳,未破碎,90000 ~ 93200,91600.0,0.0,元/吨,2026-07-03
废旧锂电池,高钴钴酸锂铝壳,未破碎,75400 ~ 78000,76700.0,0.0,元/吨,2026-07-03
废旧锂电池,苹果条,未破碎,103000 ~ 114000,108500.0,0.0,元/吨,2026-07-03
废旧锂电池,三元铝壳（5系）电池包,未破碎,46000 ~ 48100,47050.0,0.0,元/吨,2026-07-03
废旧锂电池,三元铝壳（6系）电池包,未破碎,46800 ~ 48400,47600.0,0.0,元/吨,2026-07-03
废旧锂电池,三元铝壳（8系）电池包,未破碎,44700 ~ 46000,45350.0,0.0,元/吨,2026-07-03
废旧锂电池,三元未注液铝壳电芯,未破碎,53000 ~ 54600,53800.0,0.0,元/吨,2026-07-03
废旧锂电池,三元未注液圆柱钢壳电芯,未破碎,34700 ~ 37000,35850.0,0.0,元/吨,2026-07-03
废旧锂电池,三元未注液软包电芯,未破碎,54100 ~ 56000,55050.0,0.0,元/吨,2026-07-03
废旧锂电池,铁锂未注液铝壳电芯,未破碎,22500 ~ 24200,23350.0,300.0,元/吨,2026-07-03
废旧锂电池,铁锂未注液圆柱钢壳电芯,未破碎,14500 ~ 16900,15700.0,200.0,元/吨,2026-07-03
废旧锂电池,铁锂未注液软包电芯,未破碎,21900 ~ 24000,22950.0,250.0,元/吨,2026-07-03
废旧锂电池,三元523卷芯,未破碎,61000 ~ 64000,62500.0,200.0,元/吨,2026-07-03
废旧锂电池,三元622卷芯,未破碎,64100 ~ 67800,65950.0,300.0,元/吨,2026-07-03
废旧锂电池,三元811卷芯,未破碎,59300 ~ 61000,60150.0,300.0,元/吨,2026-07-03
废旧锂电池,铁锂卷芯,未破碎,22000 ~ 25500,23750.0,150.0,元/吨,2026-07-03
废旧锂电池,废旧磷酸铁锂动力正极片,动力型，3.8%<Li<4.2%,26250 ~ 31700,28975.0,775.0,元/吨,2026-07-03
废旧锂电池,废旧磷酸铁锂储能正极片,储能型，3.2%<Li<3.5%,22100 ~ 25900,24000.0,625.0,元/吨,2026-07-03
废旧锂电池,磷酸铁锂正极片锂系数,磷酸铁锂正极片,75 ~ 78,76.5,0.5,%,2026-07-03
废旧锂电池,纯钴正极片,未破碎,205000 ~ 230000,217500.0,0.0,元/吨,2026-07-03
废旧锂电池,SMM三元极片粉镍系数指数,镍 18%-40%,78.32 ~ 78.32,78.32,0.0,%,2026-07-03
废旧锂电池,SMM三元极片粉锂系数指数,锂 5.5%-6.5%,78.32 ~ 78.32,78.32,0.0,%,2026-07-03
废旧锂电池,SMM三元极片粉钴系数指数,钴 5%-18%,78.32 ~ 78.32,78.32,0.0,%,2026-07-03
废旧锂电池,SMM三元电池粉镍系数指数,镍 9%-20%,74.8 ~ 74.8,74.8,0.0,%,2026-07-03
废旧锂电池,SMM三元电池粉锂系数指数,锂 3%-3.5%,74.8 ~ 74.8,74.8,0.0,%,2026-07-03
废旧锂电池,SMM三元电池粉钴系数指数,钴 5%-10%,74.8 ~ 74.8,74.8,0.0,%,2026-07-03
废旧锂电池,SMM钴酸锂极片粉钴系数指数,钴 50%-55%,79.68 ~ 79.68,79.68,0.0,%,2026-07-03
废旧锂电池,SMM钴酸锂极片粉锂系数指数,锂 5.5%-6.5%,76.23 ~ 76.23,76.23,0.0,%,2026-07-03
废旧锂电池,SMM钴酸锂电池粉钴系数指数,钴 25%-30%,76.84 ~ 76.84,76.84,0.0,%,2026-07-03
废旧锂电池,SMM钴酸锂电池粉锂系数指数,锂 3%-3.5%,75.92 ~ 75.92,75.92,0.0,%,2026-07-03
废旧锂电池,SMM磷酸铁锂极片粉指数,锂 3.2%-4.2%,7113 ~ 7113,7113.0,109.0,元/锂点,2026-07-03
废旧锂电池,SMM磷酸铁锂电池粉指数,锂 3%-3.5%,6639 ~ 6639,6639.0,126.0,元/锂点,2026-07-03
废旧锂电池,三元极片粉镍系数,18%<Ni<40%,77 ~ 79,78.0,0.0,%,2026-07-03
废旧锂电池,三元极片粉钴系数,5%<Co<18%,77 ~ 79,78.0,0.0,%,2026-07-03
废旧锂电池,三元极片粉锂系数,5.5%<Li<6.5%,77 ~ 79,78.0,0.0,%,2026-07-03
废旧锂电池,三元极片粉镍系数（FOB韩国）,镍 18%-40%,120 ~ 125,122.5,0.0,%,2026-07-03
废旧锂电池,三元极片粉钴系数（FOB韩国）,钴 5%-18%,120 ~ 125,122.5,0.0,%,2026-07-03
废旧锂电池,三元极片粉镍系数 (FOB马来西亚),镍18%-40%,66 ~ 68,67.0,0.0,%,2026-07-03
废旧锂电池,三元极片粉钴系数 (FOB马来西亚),钴5%-18%,66 ~ 68,67.0,0.0,%,2026-07-03
废旧锂电池,三元极片粉锂系数 (FOB马来西亚),锂5.5%-6.5%,66 ~ 68,67.0,0.0,%,2026-07-03
废旧锂电池,三元电池粉镍系数(FOB马来西亚),镍 9%-20%,55 ~ 58,56.5,0.0,%,2026-07-03
废旧锂电池,三元电池粉钴系数(FOB马来西亚),钴 5%-10%,55 ~ 58,56.5,0.0,%,2026-07-03
废旧锂电池,三元电池粉锂系数(FOB马来西亚),锂 3%-3.5%,55 ~ 58,56.5,0.0,%,2026-07-03
废旧锂电池,三元电池粉钴系数（FOB韩国）,钴 5%-10%,100 ~ 104,102.0,0.0,%,2026-07-03
废旧锂电池,三元电池粉镍系数（FOB韩国）,镍 9%-20%,100 ~ 104,102.0,0.0,%,2026-07-03
废旧锂电池,三元极片粉高镍系数,40%<Ni<50%,78 ~ 81,79.5,0.0,%,2026-07-03
废旧锂电池,三元极片粉高钴系数,钴 20%-35%,77 ~ 80,78.5,0.0,%,2026-07-03
废旧锂电池,三元极片粉高镍钴系数,2%<Co<5%,77 ~ 79,78.0,0.0,%,2026-07-03
废旧锂电池,三元极片粉高镍锂系数,5.5%<Li<6.5%,77 ~ 79,78.0,0.0,%,2026-07-03
废旧锂电池,三元电池粉镍系数,9%<Ni<20%,73.5 ~ 75,74.25,0.0,%,2026-07-03
废旧锂电池,三元电池粉钴系数,5%<Co<10%,73.5 ~ 75,74.25,0.0,%,2026-07-03
废旧锂电池,三元电池粉锂系数,3%<Li<3.5%,73.5 ~ 75,74.25,0.0,%,2026-07-03
废旧锂电池,钴酸锂极片粉钴系数,50%<Co<55%,78 ~ 80,79.0,0.0,%,2026-07-03
废旧锂电池,钴酸锂极片粉锂系数,5.5%<Li<6.5%,75 ~ 77,76.0,0.0,%,2026-07-03
废旧锂电池,钴酸锂电池粉钴系数,25%<Co<30%,76 ~ 78,77.0,0.0,%,2026-07-03
废旧锂电池,钴酸锂电池粉锂系数,3%<Li<3.5%,75 ~ 77,76.0,0.0,%,2026-07-03
废旧锂电池,磷酸铁锂极片粉锂系数,3.2%<Li<4.2%,84 ~ 87,85.5,1.0,%,2026-07-03
废旧锂电池,磷酸铁锂电池粉锂系数,2.0%<Li<2.8%,76 ~ 82,79.0,0.5,%,2026-07-03
废旧锂电池,镍钴渣粉镍系数,"25%<Ni<35%,30%<水分含量<50%",77 ~ 79,78.0,0.0,%,2026-07-03
废旧锂电池,镍钴渣粉钴系数,"3%<Co<5%,30%<水分含量<50%",77 ~ 79,78.0,0.0,%,2026-07-03
废旧锂电池,磷酸铁锂极片粉锂点,3.2%<Li<4.2%,6900 ~ 7400,7150.0,150.0,元/锂点,2026-07-03
废旧锂电池,磷酸铁锂电池粉锂点,2.0%<Li<2.8%,6500 ~ 6800,6650.0,150.0,元/锂点,2026-07-03
废旧锂电池,三元111极片粉,111,115700 ~ 118700,117200.0,700.0,元/吨,2026-07-03
废旧锂电池,三元523极片粉,523,99800 ~ 102400,101100.0,700.0,元/吨,2026-07-03
废旧锂电池,三元622极片粉,622,106500 ~ 109250,107875.0,700.0,元/吨,2026-07-03
废旧锂电池,三元811极片粉,811,100350 ~ 102950,101650.0,700.0,元/吨,2026-07-03
废旧锂电池,三元电池粉,3%<Li<3.5%,47100 ~ 60800,53950.0,325.0,元/吨,2026-07-03
废旧锂电池,钴酸锂电池粉,25%<Co<30%,99000 ~ 121300,110150.0,350.0,元/吨,2026-07-03
废旧锂电池,钴酸锂极片粉,50%<Co<55%,198000 ~ 227550,212775.0,175.0,元/吨,2026-07-03
废旧锂电池,磷酸铁锂极片粉,3.2%<Li<4.2%,22100 ~ 31100,26600.0,600.0,元/吨,2026-07-03
废旧锂电池,磷酸铁锂电池粉,2.0%<Li<2.8%,13000 ~ 19050,16025.0,375.0,元/吨,2026-07-03
废旧锂电池,镍钴渣,"""25%<Ni<35%,3%<Co<5%,30%<水分含量<50%",37400 ~ 51450,44425.0,-1050.0,元/吨,2026-07-03
废旧锂电池,三元方壳锂电B品,150Ah以上,0.74 ~ 0.84,0.79,-0.005,元/Ah,2026-07-03
废旧锂电池,三元方壳锂电B品,20-30Ah,1.14 ~ 1.45,1.295,0.0,元/Ah,2026-07-03
废旧锂电池,三元方壳锂电B品,50-60Ah,1.2 ~ 1.48,1.34,0.0,元/Ah,2026-07-03
废旧锂电池,方形磷酸铁锂电池B品,280Ah,0.68 ~ 0.8,0.74,0.0,元/Ah,2026-07-03
废旧锂电池,33140圆柱锂电池,15Ah,0.7 ~ 0.77,0.735,0.0,元/Ah,2026-07-03
废旧锂电池,18650圆柱锂电池B品1300mah,1300mah,0.45 ~ 0.55,0.5,0.0,元/Ah,2026-07-03
废旧锂电池,18650圆柱锂电池B品1500-1800mah,1500-1800mah,0.42 ~ 0.49,0.455,0.0,元/Ah,2026-07-03
废旧锂电池,18650圆柱锂电池B品2000-2500mah,2000-2500mah,0.52 ~ 0.62,0.57,0.0,元/Ah,2026-07-03
废旧锂电池,18650圆柱锂电池B品2500-3000mah,2500-3000mah,0.7 ~ 0.79,0.745,0.0,元/Ah,2026-07-03
废旧锂电池,杂电,-,42000 ~ 62000,52000.0,500.0,元/吨,2026-01-09
废旧锂电池,品电,-,74000 ~ 78000,76000.0,500.0,元/吨,2026-01-09
废旧锂电池,聚合物,-,94000 ~ 99000,96500.0,2000.0,元/吨,2026-01-09
废旧锂电池,苹果条,-,103000 ~ 108000,105500.0,2000.0,元/吨,2026-01-09
废旧锂电池,磷酸铁锂电池_方壳,方壳,12300 ~ 13300,12800.0,0.0,元/吨,2026-01-09
废旧锂电池,磷酸铁锂电池_软包,软包,11600 ~ 12600,12100.0,0.0,元/吨,2026-01-09
废旧锂电池,磷酸铁锂电池_圆柱,圆柱,9900 ~ 10900,10400.0,0.0,元/吨,2026-01-09
废旧锂电池,三元材料电池_方壳,方壳,35100 ~ 37600,36350.0,0.0,元/吨,2026-01-09
废旧锂电池,三元材料电池_圆柱,圆柱,29000 ~ 31500,30250.0,0.0,元/吨,2026-01-09
废旧锂电池,三元材料电池_软包,-,36400 ~ 38900,37650.0,0.0,元/吨,2026-01-09
